STN_ID,latitude,longitude,altitude,VI004_row,VI004_col,VI005_row,VI005_col,VI006_row,VI006_col,VI008_row,VI008_col,NR013_row,NR013_col,NR016_row,NR016_col,SW038_row,SW038_col,WV063_row,WV063_col,WV069_row,WV069_col,WV073_row,WV073_col,IR087_row,IR087_col,IR096_row,IR096_col,IR105_row,IR105_col,IR112_row,IR112_col,IR123_row,IR123_col,IR133_row,IR133_col
90,38.25085,128.56473,17.53,868.883,1118.036,868.883,1118.036,1738.265,2236.572,868.883,1118.036,434.191,558.768,434.191,558.768,434.191,558.768,434.191,558.768,434.191,558.768,434.191,558.768,434.191,558.768,434.191,558.768,434.191,558.768,434.191,558.768,434.191,558.768,434.191,558.768
93,37.94738,127.75443,95.78,903.544,1049.724,903.544,1049.724,1807.588,2099.949,903.544,1049.724,451.522,524.612,451.522,524.612,451.522,524.612,451.522,524.612,451.522,524.612,451.522,524.612,451.522,524.612,451.522,524.612,451.522,524.612,451.522,524.612,451.522,524.612,451.522,524.612
95,38.14787,127.3042,155.48,882.607,1010.824,882.607,1010.824,1765.714,2022.148,882.607,1010.824,441.053,505.162,441.053,505.162,441.053,505.162,441.053,505.162,441.053,505.162,441.053,505.162,441.053,505.162,441.053,505.162,441.053,505.162,441.053,505.162,441.053,505.162,441.053,505.162
98,37.90188,127.0607,115.62,909.508,990.393,909.508,990.393,1819.517,1981.286,909.508,990.393,454.504,494.946,454.504,494.946,454.504,494.946,454.504,494.946,454.504,494.946,454.504,494.946,454.504,494.946,454.504,494.946,454.504,494.946,454.504,494.946,454.504,494.946,454.504,494.946
99,37.88589,126.76648,30.59,911.525,965.198,911.525,965.198,1823.551,1930.897,911.525,965.198,455.513,482.349,455.513,482.349,455.513,482.349,455.513,482.349,455.513,482.349,455.513,482.349,455.513,482.349,455.513,482.349,455.513,482.349,455.513,482.349,455.513,482.349,455.513,482.349
100,37.67713,128.71834,772.43,930.454,1133.226,930.454,1133.226,1861.408,2266.952,930.454,1133.226,464.977,566.363,464.977,566.363,464.977,566.363,464.977,566.363,464.977,566.363,464.977,566.363,464.977,566.363,464.977,566.363,464.977,566.363,464.977,566.363,464.977,566.363,464.977,566.363
101,37.90262,127.7357,75.82,908.418,1048.226,908.418,1048.226,1817.336,2096.951,908.418,1048.226,453.959,523.863,453.959,523.863,453.959,523.863,453.959,523.863,453.959,523.863,453.959,523.863,453.959,523.863,453.959,523.863,453.959,523.863,453.959,523.863,453.959,523.863,453.959,523.863
102,37.97396,124.71237,36.0,901.429,789.288,901.429,789.288,1803.359,1579.076,901.429,789.288,450.465,394.394,450.465,394.394,450.465,394.394,450.465,394.394,450.465,394.394,450.465,394.394,450.465,394.394,450.465,394.394,450.465,394.394,450.465,394.394,450.465,394.394,450.465,394.394
104,37.80456,128.85535,75.24,916.267,1144.51,916.267,1144.51,1833.034,2289.52,916.267,1144.51,457.883,572.005,457.883,572.005,457.883,572.005,457.883,572.005,457.883,572.005,457.883,572.005,457.883,572.005,457.883,572.005,457.883,572.005,457.883,572.005,457.883,572.005,457.883,572.005
105,37.75147,128.89099,27.12,921.896,1147.774,921.896,1147.774,1844.293,2296.048,921.896,1147.774,460.698,573.637,460.698,573.637,460.698,573.637,460.698,573.637,460.698,573.637,460.698,573.637,460.698,573.637,460.698,573.637,460.698,573.637,460.698,573.637,460.698,573.637,460.698,573.637
106,37.50709,129.12433,40.46,947.568,1168.835,947.568,1168.835,1895.636,2338.17,947.568,1168.835,473.534,584.167,473.534,584.167,473.534,584.167,473.534,584.167,473.534,584.167,473.534,584.167,473.534,584.167,473.534,584.167,473.534,584.167,473.534,584.167,473.534,584.167,473.534,584.167
108,37.57142,126.9658,85.67,945.36,982.693,945.36,982.693,1891.219,1965.885,945.36,982.693,472.43,491.096,472.43,491.096,472.43,491.096,472.43,491.096,472.43,491.096,472.43,491.096,472.43,491.096,472.43,491.096,472.43,491.096,472.43,491.096,472.43,491.096,472.43,491.096
112,37.47772,126.6249,68.99,955.793,953.408,955.793,953.408,1912.085,1907.316,955.793,953.408,477.646,476.454,477.646,476.454,477.646,476.454,477.646,476.454,477.646,476.454,477.646,476.454,477.646,476.454,477.646,476.454,477.646,476.454,477.646,476.454,477.646,476.454,477.646,476.454
114,37.33749,127.94659,150.11,969.139,1067.78,969.139,1067.78,1938.778,2136.059,969.139,1067.78,484.319,533.64,484.319,533.64,484.319,533.64,484.319,533.64,484.319,533.64,484.319,533.64,484.319,533.64,484.319,533.64,484.319,533.64,484.319,533.64,484.319,533.64,484.319,533.64
115,37.48129,130.89863,221.14,942.693,1321.804,942.693,1321.804,1885.885,2644.108,942.693,1321.804,471.096,660.652,471.096,660.652,471.096,660.652,471.096,660.652,471.096,660.652,471.096,660.652,471.096,660.652,471.096,660.652,471.096,660.652,471.096,660.652,471.096,660.652,471.096,660.652
119,37.25746,126.983,39.81,979.329,984.591,979.329,984.591,1959.157,1969.683,979.329,984.591,489.414,492.046,489.414,492.046,489.414,492.046,489.414,492.046,489.414,492.046,489.414,492.046,489.414,492.046,489.414,492.046,489.414,492.046,489.414,492.046,489.414,492.046,489.414,492.046
121,37.18126,128.45743,240.54,984.836,1112.448,984.836,1112.448,1970.171,2225.395,984.836,1112.448,492.168,555.974,492.168,555.974,492.168,555.974,492.168,555.974,492.168,555.974,492.168,555.974,492.168,555.974,492.168,555.974,492.168,555.974,492.168,555.974,492.168,555.974,492.168,555.974
127,36.97045,127.9525,114.85,1008.874,1069.26,1008.874,1069.26,2018.247,2139.02,1008.874,1069.26,504.187,534.38,504.187,534.38,504.187,534.38,504.187,534.38,504.187,534.38,504.187,534.38,504.187,534.38,504.187,534.38,504.187,534.38,504.187,534.38,504.187,534.38,504.187,534.38
129,36.77658,126.4939,25.25,1031.825,942.576,1031.825,942.576,2064.151,1885.651,1031.825,942.576,515.663,471.038,515.663,471.038,515.663,471.038,515.663,471.038,515.663,471.038,515.663,471.038,515.663,471.038,515.663,471.038,515.663,471.038,515.663,471.038,515.663,471.038,515.663,471.038
130,36.99176,129.41278,48.98,1002.313,1196.065,1002.313,1196.065,2005.125,2392.63,1002.313,1196.065,500.906,597.782,500.906,597.782,500.906,597.782,500.906,597.782,500.906,597.782,500.906,597.782,500.906,597.782,500.906,597.782,500.906,597.782,500.906,597.782,500.906,597.782,500.906,597.782
131,36.63924,127.44066,58.7,1045.718,1025.41,1045.718,1025.41,2091.936,2051.32,1045.718,1025.41,522.609,512.455,522.609,512.455,522.609,512.455,522.609,512.455,522.609,512.455,522.609,512.455,522.609,512.455,522.609,512.455,522.609,512.455,522.609,512.455,522.609,512.455,522.609,512.455
133,36.37199,127.3721,67.79,1074.813,1019.915,1074.813,1019.915,2150.125,2040.331,1074.813,1019.915,537.156,509.708,537.156,509.708,537.156,509.708,537.156,509.708,537.156,509.708,537.156,509.708,537.156,509.708,537.156,509.708,537.156,509.708,537.156,509.708,537.156,509.708,537.156,509.708
135,36.22025,127.99458,244.98,1090.13,1074.945,1090.13,1074.945,2180.759,2150.39,1090.13,1074.945,544.815,537.222,544.815,537.222,544.815,537.222,544.815,537.222,544.815,537.222,544.815,537.222,544.815,537.222,544.815,537.222,544.815,537.222,544.815,537.222,544.815,537.222,544.815,537.222
136,36.57293,128.70733,141.26,1050.038,1136.324,1050.038,1136.324,2100.576,2273.148,1050.038,1136.324,524.769,567.912,524.769,567.912,524.769,567.912,524.769,567.912,524.769,567.912,524.769,567.912,524.769,567.912,524.769,567.912,524.769,567.912,524.769,567.912,524.769,567.912,524.769,567.912
137,36.40837,128.15741,96.58,1069.347,1088.714,1069.347,1088.714,2139.194,2177.928,1069.347,1088.714,534.423,544.107,534.423,544.107,534.423,544.107,534.423,544.107,534.423,544.107,534.423,544.107,534.423,544.107,534.423,544.107,534.423,544.107,534.423,544.107,534.423,544.107,534.423,544.107
138,36.03201,129.38002,3.94,1106.462,1197.615,1106.462,1197.615,2213.425,2395.729,1106.462,1197.615,552.981,598.557,552.981,598.557,552.981,598.557,552.981,598.557,552.981,598.557,552.981,598.557,552.981,598.557,552.981,598.557,552.981,598.557,552.981,598.557,552.981,598.557,552.981,598.557
140,36.0053,126.76135,27.85,1115.338,966.697,1115.338,966.697,2231.176,1933.894,1115.338,966.697,557.419,483.098,557.419,483.098,557.419,483.098,557.419,483.098,557.419,483.098,557.419,483.098,557.419,483.098,557.419,483.098,557.419,483.098,557.419,483.098,557.419,483.098,557.419,483.098
143,35.87797,128.65296,54.27,1125.604,1134.07,1125.604,1134.07,2251.709,2268.639,1125.604,1134.07,562.552,566.785,562.552,566.785,562.552,566.785,562.552,566.785,562.552,566.785,562.552,566.785,562.552,566.785,562.552,566.785,562.552,566.785,562.552,566.785,562.552,566.785,562.552,566.785
146,35.84092,127.11718,60.44,1132.828,998.35,1132.828,998.35,2266.155,1997.2,1132.828,998.35,566.164,498.925,566.164,498.925,566.164,498.925,566.164,498.925,566.164,498.925,566.164,498.925,566.164,498.925,566.164,498.925,566.164,498.925,566.164,498.925,566.164,498.925,566.164,498.925
152,35.58237,129.33469,81.14,1155.455,1195.654,1155.455,1195.654,2311.411,2391.807,1155.455,1195.654,577.478,597.577,577.478,597.577,577.478,597.577,577.478,597.577,577.478,597.577,577.478,597.577,577.478,597.577,577.478,597.577,577.478,597.577,577.478,597.577,577.478,597.577,577.478,597.577
155,35.17019,128.57282,34.97,1202.777,1129.46,1202.777,1129.46,2406.054,2259.42,1202.777,1129.46,601.139,564.48,601.139,564.48,601.139,564.48,601.139,564.48,601.139,564.48,601.139,564.48,601.139,564.48,601.139,564.48,601.139,564.48,601.139,564.48,601.139,564.48,601.139,564.48
156,35.17294,126.89156,70.28,1205.729,979.197,1205.729,979.197,2411.959,1958.894,1205.729,979.197,602.615,489.348,602.615,489.348,602.615,489.348,602.615,489.348,602.615,489.348,602.615,489.348,602.615,489.348,602.615,489.348,602.615,489.348,602.615,489.348,602.615,489.348,602.615,489.348
159,35.10468,129.03203,69.56,1208.468,1170.756,1208.468,1170.756,2417.436,2342.012,1208.468,1170.756,603.984,585.128,603.984,585.128,603.984,585.128,603.984,585.128,603.984,585.128,603.984,585.128,603.984,585.128,603.984,585.128,603.984,585.128,603.984,585.128,603.984,585.128,603.984,585.128
162,34.84541,128.43561,31.24,1238.519,1118.276,1238.519,1118.276,2477.539,2237.052,1238.519,1118.276,619.01,558.888,619.01,558.888,619.01,558.888,619.01,558.888,619.01,558.888,619.01,558.888,619.01,558.888,619.01,558.888,619.01,558.888,619.01,558.888,619.01,558.888,619.01,558.888
165,34.81732,126.38151,44.7,1244.827,933.788,1244.827,933.788,2490.154,1868.077,1244.827,933.788,622.163,466.644,622.163,466.644,622.163,466.644,622.163,466.644,622.163,466.644,622.163,466.644,622.163,466.644,622.163,466.644,622.163,466.644,622.163,466.644,622.163,466.644,622.163,466.644
168,34.73929,127.74063,65.93,1251.711,1056.113,1251.711,1056.113,2503.921,2112.727,1251.711,1056.113,625.605,527.807,625.605,527.807,625.605,527.807,625.605,527.807,625.605,527.807,625.605,527.807,625.605,527.807,625.605,527.807,625.605,527.807,625.605,527.807,625.605,527.807,625.605,527.807
169,34.68719,125.45105,75.12,1258.923,850.066,1258.923,850.066,2518.347,1700.631,1258.923,850.066,629.212,424.783,629.212,424.783,629.212,424.783,629.212,424.783,629.212,424.783,629.212,424.783,629.212,424.783,629.212,424.783,629.212,424.783,629.212,424.783,629.212,424.783,629.212,424.783
170,34.3959,126.70182,35.37,1290.585,962.979,1290.585,962.979,2581.67,1926.458,1290.585,962.979,645.042,481.239,645.042,481.239,645.042,481.239,645.042,481.239,645.042,481.239,645.042,481.239,645.042,481.239,645.042,481.239,645.042,481.239,645.042,481.239,645.042,481.239,645.042,481.239
172,35.34824,126.599,52.42,1186.893,952.903,1186.893,952.903,2374.287,1906.305,1186.893,952.903,593.197,476.201,593.197,476.201,593.197,476.201,593.197,476.201,593.197,476.201,593.197,476.201,593.197,476.201,593.197,476.201,593.197,476.201,593.197,476.201,593.197,476.201,593.197,476.201
174,35.0204,127.3694,165.0,1221.734,1022.192,1221.734,1022.192,2443.968,2044.883,1221.734,1022.192,610.617,510.846,610.617,510.846,610.617,510.846,610.617,510.846,610.617,510.846,610.617,510.846,610.617,510.846,610.617,510.846,610.617,510.846,610.617,510.846,610.617,510.846,610.617,510.846
177,36.65759,126.68772,27.74,1044.603,959.59,1044.603,959.59,2089.705,1919.681,1044.603,959.59,522.051,479.545,522.051,479.545,522.051,479.545,522.051,479.545,522.051,479.545,522.051,479.545,522.051,479.545,522.051,479.545,522.051,479.545,522.051,479.545,522.051,479.545,522.051,479.545
181,36.63994,127.38458,33.55,1045.728,1020.508,1045.728,1020.508,2091.957,2041.516,1045.728,1020.508,522.614,510.004,522.614,510.004,522.614,510.004,522.614,510.004,522.614,510.004,522.614,510.004,522.614,510.004,522.614,510.004,522.614,510.004,522.614,510.004,522.614,510.004,522.614,510.004
184,33.51411,126.52969,20.79,1387.05,948.048,1387.05,948.048,2774.601,1896.595,1387.05,948.048,693.275,473.774,693.275,473.774,693.275,473.774,693.275,473.774,693.275,473.774,693.275,473.774,693.275,473.774,693.275,473.774,693.275,473.774,693.275,473.774,693.275,473.774,693.275,473.774
185,33.29382,126.16283,71.39,1411.308,914.473,1411.308,914.473,2823.115,1829.446,1411.308,914.473,705.404,456.986,705.404,456.986,705.404,456.986,705.404,456.986,705.404,456.986,705.404,456.986,705.404,456.986,705.404,456.986,705.404,456.986,705.404,456.986,705.404,456.986,705.404,456.986
188,33.38677,126.8802,20.34,1400.703,980.325,1400.703,980.325,2801.905,1961.15,1400.703,980.325,700.101,489.912,700.101,489.912,700.101,489.912,700.101,489.912,700.101,489.912,700.101,489.912,700.101,489.912,700.101,489.912,700.101,489.912,700.101,489.912,700.101,489.912,700.101,489.912
189,33.24616,126.5653,51.86,1416.358,951.518,1416.358,951.518,2833.217,1903.537,1416.358,951.518,707.929,475.509,707.929,475.509,707.929,475.509,707.929,475.509,707.929,475.509,707.929,475.509,707.929,475.509,707.929,475.509,707.929,475.509,707.929,475.509,707.929,475.509,707.929,475.509
192,35.16378,128.04004,29.35,1204.847,1081.869,1204.847,1081.869,2410.193,2164.238,1204.847,1081.869,602.173,540.685,602.173,540.685,602.173,540.685,602.173,540.685,602.173,540.685,602.173,540.685,602.173,540.685,602.173,540.685,602.173,540.685,602.173,540.685,602.173,540.685,602.173,540.685
201,37.70739,126.44634,47.84,931.042,937.866,931.042,937.866,1862.583,1876.232,931.042,937.866,465.271,468.683,465.271,468.683,465.271,468.683,465.271,468.683,465.271,468.683,465.271,468.683,465.271,468.683,465.271,468.683,465.271,468.683,465.271,468.683,465.271,468.683,465.271,468.683
202,37.48863,127.49446,47.26,953.619,1028.393,953.619,1028.393,1907.738,2057.287,953.619,1028.393,476.56,513.947,476.56,513.947,476.56,513.947,476.56,513.947,476.56,513.947,476.56,513.947,476.56,513.947,476.56,513.947,476.56,513.947,476.56,513.947,476.56,513.947,476.56,513.947
203,37.26399,127.48421,80.09,977.953,1027.96,977.953,1027.96,1956.406,2056.421,977.953,1027.96,488.727,513.73,488.727,513.73,488.727,513.73,488.727,513.73,488.727,513.73,488.727,513.73,488.727,513.73,488.727,513.73,488.727,513.73,488.727,513.73,488.727,513.73,488.727,513.73
211,38.05991,128.16811,202.0,890.513,1084.809,890.513,1084.809,1781.526,2170.117,890.513,1084.809,445.007,542.154,445.007,542.154,445.007,542.154,445.007,542.154,445.007,542.154,445.007,542.154,445.007,542.154,445.007,542.154,445.007,542.154,445.007,542.154,445.007,542.154,445.007,542.154
212,37.6836,127.88043,140.2,931.824,1061.181,931.824,1061.181,1864.147,2122.863,931.824,1061.181,465.662,530.341,465.662,530.341,465.662,530.341,465.662,530.341,465.662,530.341,465.662,530.341,465.662,530.341,465.662,530.341,465.662,530.341,465.662,530.341,465.662,530.341,465.662,530.341
216,37.17038,128.98929,714.45,984.446,1158.56,984.446,1158.56,1969.391,2317.621,984.446,1158.56,491.973,579.03,491.973,579.03,491.973,579.03,491.973,579.03,491.973,579.03,491.973,579.03,491.973,579.03,491.973,579.03,491.973,579.03,491.973,579.03,491.973,579.03,491.973,579.03
217,37.38071,128.67312,312.0,962.65,1130.411,962.65,1130.411,1925.8,2261.321,962.65,1130.411,481.075,564.955,481.075,564.955,481.075,564.955,481.075,564.955,481.075,564.955,481.075,564.955,481.075,564.955,481.075,564.955,481.075,564.955,481.075,564.955,481.075,564.955,481.075,564.955
221,37.15928,128.19433,264.62,987.878,1089.72,987.878,1089.72,1976.256,2179.94,987.878,1089.72,493.689,544.61,493.689,544.61,493.689,544.61,493.689,544.61,493.689,544.61,493.689,544.61,493.689,544.61,493.689,544.61,493.689,544.61,493.689,544.61,493.689,544.61,493.689,544.61
226,36.48761,127.73415,171.31,1061.653,1051.413,1061.653,1051.413,2123.807,2103.325,1061.653,1051.413,530.577,525.456,530.577,525.456,530.577,525.456,530.577,525.456,530.577,525.456,530.577,525.456,530.577,525.456,530.577,525.456,530.577,525.456,530.577,525.456,530.577,525.456,530.577,525.456
232,36.76217,127.29282,84.78,1032.61,1012.275,1032.61,1012.275,2065.72,2025.05,1032.61,1012.275,516.055,505.887,516.055,505.887,516.055,505.887,516.055,505.887,516.055,505.887,516.055,505.887,516.055,505.887,516.055,505.887,516.055,505.887,516.055,505.887,516.055,505.887,516.055,505.887
235,36.32724,126.55744,9.98,1080.531,948.457,1080.531,948.457,2161.562,1897.413,1080.531,948.457,540.015,473.978,540.015,473.978,540.015,473.978,540.015,473.978,540.015,473.978,540.015,473.978,540.015,473.978,540.015,473.978,540.015,473.978,540.015,473.978,540.015,473.978,540.015,473.978
236,36.27242,126.92079,13.42,1086.186,980.435,1086.186,980.435,2172.872,1961.37,1086.186,980.435,542.843,489.967,542.843,489.967,542.843,489.967,542.843,489.967,542.843,489.967,542.843,489.967,542.843,489.967,542.843,489.967,542.843,489.967,542.843,489.967,542.843,489.967,542.843,489.967
238,36.10563,127.48175,170.17,1103.552,1030.072,1103.552,1030.072,2207.605,2060.645,1103.552,1030.072,551.526,514.786,551.526,514.786,551.526,514.786,551.526,514.786,551.526,514.786,551.526,514.786,551.526,514.786,551.526,514.786,551.526,514.786,551.526,514.786,551.526,514.786,551.526,514.786
239,36.48522,127.24438,89.5,1062.711,1008.517,1062.711,1008.517,2125.921,2017.533,1062.711,1008.517,531.105,504.008,531.105,504.008,531.105,504.008,531.105,504.008,531.105,504.008,531.105,504.008,531.105,504.008,531.105,504.008,531.105,504.008,531.105,504.008,531.105,504.008,531.105,504.008
243,35.72961,126.71657,12.2,1145.331,963.013,1145.331,963.013,2291.162,1926.526,1145.331,963.013,572.416,481.256,572.416,481.256,572.416,481.256,572.416,481.256,572.416,481.256,572.416,481.256,572.416,481.256,572.416,481.256,572.416,481.256,572.416,481.256,572.416,481.256,572.416,481.256
244,35.61203,127.28556,247.04,1157.482,1013.647,1157.482,1013.647,2315.465,2027.794,1157.482,1013.647,578.491,506.573,578.491,506.573,578.491,506.573,578.491,506.573,578.491,506.573,578.491,506.573,578.491,506.573,578.491,506.573,578.491,506.573,578.491,506.573,578.491,506.573,578.491,506.573
245,35.56333,126.83904,68.7,1163.304,974.057,1163.304,974.057,2327.108,1948.614,1163.304,974.057,581.402,486.778,581.402,486.778,581.402,486.778,581.402,486.778,581.402,486.778,581.402,486.778,581.402,486.778,581.402,486.778,581.402,486.778,581.402,486.778,581.402,486.778,581.402,486.778
247,35.4213,127.39652,133.49,1178.059,1023.86,1178.059,1023.86,2356.618,2048.22,1178.059,1023.86,588.78,511.68,588.78,511.68,588.78,511.68,588.78,511.68,588.78,511.68,588.78,511.68,588.78,511.68,588.78,511.68,588.78,511.68,588.78,511.68,588.78,511.68,588.78,511.68
248,35.65696,127.52031,406.87,1152.233,1034.396,1152.233,1034.396,2304.965,2069.291,1152.233,1034.396,575.866,516.948,575.866,516.948,575.866,516.948,575.866,516.948,575.866,516.948,575.866,516.948,575.866,516.948,575.866,516.948,575.866,516.948,575.866,516.948,575.866,516.948,575.866,516.948
252,35.28366,126.47784,37.2,1193.994,942.143,1193.994,942.143,2388.488,1884.786,1193.994,942.143,596.747,470.821,596.747,470.821,596.747,470.821,596.747,470.821,596.747,470.821,596.747,470.821,596.747,470.821,596.747,470.821,596.747,470.821,596.747,470.821,596.747,470.821,596.747,470.821
253,35.22981,128.89075,54.59,1195.321,1157.631,1195.321,1157.631,2391.143,2315.761,1195.321,1157.631,597.411,578.565,597.411,578.565,597.411,578.565,597.411,578.565,597.411,578.565,597.411,578.565,597.411,578.565,597.411,578.565,597.411,578.565,597.411,578.565,597.411,578.565,597.411,578.565
254,35.37131,127.1286,129.38,1183.874,1000.08,1183.874,1000.08,2368.248,2000.66,1183.874,1000.08,591.687,499.79,591.687,499.79,591.687,499.79,591.687,499.79,591.687,499.79,591.687,499.79,591.687,499.79,591.687,499.79,591.687,499.79,591.687,499.79,591.687,499.79,591.687,499.79
255,35.22655,128.6726,50.95,1196.353,1138.17,1196.353,1138.17,2393.206,2276.84,1196.353,1138.17,597.926,568.835,597.926,568.835,597.926,568.835,597.926,568.835,597.926,568.835,597.926,568.835,597.926,568.835,597.926,568.835,597.926,568.835,597.926,568.835,597.926,568.835,597.926,568.835
257,35.30737,129.02009,6.29,1186.459,1168.856,1186.459,1168.856,2373.419,2338.213,1186.459,1168.856,592.98,584.178,592.98,584.178,592.98,584.178,592.98,584.178,592.98,584.178,592.98,584.178,592.98,584.178,592.98,584.178,592.98,584.178,592.98,584.178,592.98,584.178,592.98,584.178
258,34.76335,127.21226,1.41,1249.965,1008.538,1249.965,1008.538,2500.43,2017.576,1249.965,1008.538,624.733,504.019,624.733,504.019,624.733,504.019,624.733,504.019,624.733,504.019,624.733,504.019,624.733,504.019,624.733,504.019,624.733,504.019,624.733,504.019,624.733,504.019,624.733,504.019
259,34.64457,126.78408,16.19,1263.394,970.153,1263.394,970.153,2527.287,1940.806,1263.394,970.153,631.447,484.827,631.447,484.827,631.447,484.827,631.447,484.827,631.447,484.827,631.447,484.827,631.447,484.827,631.447,484.827,631.447,484.827,631.447,484.827,631.447,484.827,631.447,484.827
260,34.68886,126.91951,43.99,1258.435,982.301,1258.435,982.301,2517.37,1965.102,1258.435,982.301,628.968,490.9,628.968,490.9,628.968,490.9,628.968,490.9,628.968,490.9,628.968,490.9,628.968,490.9,628.968,490.9,628.968,490.9,628.968,490.9,628.968,490.9,628.968,490.9
261,34.55375,126.56907,16.36,1273.461,950.85,1273.461,950.85,2547.422,1902.199,1273.461,950.85,636.48,475.175,636.48,475.175,636.48,475.175,636.48,475.175,636.48,475.175,636.48,475.175,636.48,475.175,636.48,475.175,636.48,475.175,636.48,475.175,636.48,475.175,636.48,475.175
262,34.61826,127.27572,51.91,1265.692,1014.497,1265.692,1014.497,2531.884,2029.495,1265.692,1014.497,632.596,506.999,632.596,506.999,632.596,506.999,632.596,506.999,632.596,506.999,632.596,506.999,632.596,506.999,632.596,506.999,632.596,506.999,632.596,506.999,632.596,506.999,632.596,506.999
263,35.32258,128.28812,14.1,1186.969,1103.547,1186.969,1103.547,2374.439,2207.593,1186.969,1103.547,593.235,551.523,593.235,551.523,593.235,551.523,593.235,551.523,593.235,551.523,593.235,551.523,593.235,551.523,593.235,551.523,593.235,551.523,593.235,551.523,593.235,551.523,593.235,551.523
264,35.51138,127.74538,152.07,1167.653,1054.708,1167.653,1054.708,2335.806,2109.916,1167.653,1054.708,583.576,527.104,583.576,527.104,583.576,527.104,583.576,527.104,583.576,527.104,583.576,527.104,583.576,527.104,583.576,527.104,583.576,527.104,583.576,527.104,583.576,527.104,583.576,527.104
266,34.9434,127.6914,88.21,1229.568,1051.215,1229.568,1051.215,2459.637,2102.929,1229.568,1051.215,614.534,525.357,614.534,525.357,614.534,525.357,614.534,525.357,614.534,525.357,614.534,525.357,614.534,525.357,614.534,525.357,614.534,525.357,614.534,525.357,614.534,525.357,614.534,525.357
268,34.47296,126.25846,9.82,1282.418,922.851,1282.418,922.851,2565.336,1846.201,1282.418,922.851,640.959,461.175,640.959,461.175,640.959,461.175,640.959,461.175,640.959,461.175,640.959,461.175,640.959,461.175,640.959,461.175,640.959,461.175,640.959,461.175,640.959,461.175,640.959,461.175
271,36.94361,128.91449,324.67,1009.238,1152.975,1009.238,1152.975,2018.977,2306.45,1009.238,1152.975,504.369,576.238,504.369,576.238,504.369,576.238,504.369,576.238,504.369,576.238,504.369,576.238,504.369,576.238,504.369,576.238,504.369,576.238,504.369,576.238,504.369,576.238,504.369,576.238
272,36.87183,128.51687,211.32,1018.187,1118.651,1018.187,1118.651,2036.875,2237.801,1018.187,1118.651,508.844,559.075,508.844,559.075,508.844,559.075,508.844,559.075,508.844,559.075,508.844,559.075,508.844,559.075,508.844,559.075,508.844,559.075,508.844,559.075,508.844,559.075,508.844,559.075
273,36.62727,128.14879,173.01,1045.628,1087.321,1045.628,1087.321,2091.756,2175.142,1045.628,1087.321,522.564,543.41,522.564,543.41,522.564,543.41,522.564,543.41,522.564,543.41,522.564,543.41,522.564,543.41,522.564,543.41,522.564,543.41,522.564,543.41,522.564,543.41,522.564,543.41
276,36.4351,129.04005,208.65,1063.936,1165.983,1063.936,1165.983,2128.372,2332.467,1063.936,1165.983,531.718,582.742,531.718,582.742,531.718,582.742,531.718,582.742,531.718,582.742,531.718,582.742,531.718,582.742,531.718,582.742,531.718,582.742,531.718,582.742,531.718,582.742,531.718,582.742
277,36.53337,129.40926,40.71,1051.98,1197.875,1051.98,1197.875,2104.46,2396.25,1051.98,1197.875,525.74,598.688,525.74,598.688,525.74,598.688,525.74,598.688,525.74,598.688,525.74,598.688,525.74,598.688,525.74,598.688,525.74,598.688,525.74,598.688,525.74,598.688,525.74,598.688
278,36.3561,128.68864,81.44,1073.606,1135.48,1073.606,1135.48,2147.712,2271.46,1073.606,1135.48,536.553,567.49,536.553,567.49,536.553,567.49,536.553,567.49,536.553,567.49,536.553,567.49,536.553,567.49,536.553,567.49,536.553,567.49,536.553,567.49,536.553,567.49,536.553,567.49
279,36.13055,128.32055,49.17,1099.092,1103.892,1099.092,1103.892,2198.684,2208.285,1099.092,1103.892,549.296,551.696,549.296,551.696,549.296,551.696,549.296,551.696,549.296,551.696,549.296,551.696,549.296,551.696,549.296,551.696,549.296,551.696,549.296,551.696,549.296,551.696,549.296,551.696
281,35.97742,128.9514,96.12,1113.883,1160.048,1113.883,1160.048,2228.266,2320.595,1113.883,1160.048,556.692,579.774,556.692,579.774,556.692,579.774,556.692,579.774,556.692,579.774,556.692,579.774,556.692,579.774,556.692,579.774,556.692,579.774,556.692,579.774,556.692,579.774,556.692,579.774
283,35.81747,129.20123,40.13,1130.401,1182.786,1130.401,1182.786,2261.303,2366.072,1130.401,1182.786,564.951,591.143,564.951,591.143,564.951,591.143,564.951,591.143,564.951,591.143,564.951,591.143,564.951,591.143,564.951,591.143,564.951,591.143,564.951,591.143,564.951,591.143,564.951,591.143
284,35.66739,127.9099,228.45,1150.358,1068.931,1150.358,1068.931,2301.217,2138.361,1150.358,1068.931,574.929,534.215,574.929,534.215,574.929,534.215,574.929,534.215,574.929,534.215,574.929,534.215,574.929,534.215,574.929,534.215,574.929,534.215,574.929,534.215,574.929,534.215,574.929,534.215
285,35.56505,128.16994,26.72,1160.895,1092.295,1160.895,1092.295,2322.289,2185.091,1160.895,1092.295,580.197,545.898,580.197,545.898,580.197,545.898,580.197,545.898,580.197,545.898,580.197,545.898,580.197,545.898,580.197,545.898,580.197,545.898,580.197,545.898,580.197,545.898,580.197,545.898
288,35.49147,128.74412,8.31,1167.327,1143.567,1167.327,1143.567,2335.154,2287.633,1167.327,1143.567,583.414,571.533,583.414,571.533,583.414,571.533,583.414,571.533,583.414,571.533,583.414,571.533,583.414,571.533,583.414,571.533,583.414,571.533,583.414,571.533,583.414,571.533,583.414,571.533
289,35.413,127.8791,138.22,1178.083,1066.848,1178.083,1066.848,2356.665,2134.196,1178.083,1066.848,588.791,533.174,588.791,533.174,588.791,533.174,588.791,533.174,588.791,533.174,588.791,533.174,588.791,533.174,588.791,533.174,588.791,533.174,588.791,533.174,588.791,533.174,588.791,533.174
294,34.88818,128.60459,44.83,1233.384,1133.298,1233.384,1133.298,2467.267,2267.095,1233.384,1133.298,616.442,566.399,616.442,566.399,616.442,566.399,616.442,566.399,616.442,566.399,616.442,566.399,616.442,566.399,616.442,566.399,616.442,566.399,616.442,566.399,616.442,566.399,616.442,566.399
295,34.81662,127.92641,45.71,1242.902,1072.623,1242.902,1072.623,2486.304,2145.746,1242.902,1072.623,621.201,536.062,621.201,536.062,621.201,536.062,621.201,536.062,621.201,536.062,621.201,536.062,621.201,536.062,621.201,536.062,621.201,536.062,621.201,536.062,621.201,536.062,621.201,536.062
296,35.21778,128.96024,3.0,1196.403,1163.881,1196.403,1163.881,2393.307,2328.263,1196.403,1163.881,597.952,581.691,597.952,581.691,597.952,581.691,597.952,581.691,597.952,581.691,597.952,581.691,597.952,581.691,597.952,581.691,597.952,581.691,597.952,581.691,597.952,581.691,597.952,581.691
