step,variant,branch,feature,included
0,step0_current_baseline,CatBoost,VI004,True
0,step0_current_baseline,CatBoost,VI005,True
0,step0_current_baseline,CatBoost,VI006,True
0,step0_current_baseline,CatBoost,VI008,True
0,step0_current_baseline,CatBoost,NR013,True
0,step0_current_baseline,CatBoost,NR016,True
0,step0_current_baseline,CatBoost,SW038,True
0,step0_current_baseline,CatBoost,WV063,True
0,step0_current_baseline,CatBoost,WV069,True
0,step0_current_baseline,CatBoost,WV073,True
0,step0_current_baseline,CatBoost,IR087,True
0,step0_current_baseline,CatBoost,IR096,True
0,step0_current_baseline,CatBoost,IR105,True
0,step0_current_baseline,CatBoost,IR112,True
0,step0_current_baseline,CatBoost,IR123,True
0,step0_current_baseline,CatBoost,IR133,True
0,step0_current_baseline,CatBoost,clean_window_105_112,True
0,step0_current_baseline,CatBoost,split_window_112_123,True
0,step0_current_baseline,CatBoost,window_105_123,True
0,step0_current_baseline,CatBoost,ozone_window_096_112,True
0,step0_current_baseline,CatBoost,cloud_phase_087_112,True
0,step0_current_baseline,CatBoost,low_wv_window_073_112,True
0,step0_current_baseline,CatBoost,mid_wv_window_069_112,True
0,step0_current_baseline,CatBoost,upper_wv_window_063_112,True
0,step0_current_baseline,CatBoost,fog_window_038_112,True
0,step0_current_baseline,CatBoost,co2_window_133_112,True
0,step0_current_baseline,CatBoost,wv_vertical_063_073,True
0,step0_current_baseline,CatBoost,LAT,True
0,step0_current_baseline,CatBoost,LON,True
0,step0_current_baseline,CatBoost,ALT,True
0,step0_current_baseline,CatBoost,doy_sin,True
0,step0_current_baseline,CatBoost,doy_cos,True
0,step0_current_baseline,CatBoost,cos_solar_zenith,True
0,step0_current_baseline,CatBoost,month,True
0,step0_current_baseline,CatBoost,day,True
0,step0_current_baseline,CatBoost,dayofyear,True
0,step0_current_baseline,CatBoost,solar_azimuth,True
0,step0_current_baseline,CatBoost,solar_declination,True
0,step0_current_baseline,CatBoost,local_solar_time,True
0,step0_current_baseline,CatBoost,equation_of_time,True
0,step0_current_baseline,LSTM_static,LAT,True
0,step0_current_baseline,LSTM_static,LON,True
0,step0_current_baseline,LSTM_static,ALT,True
0,step0_current_baseline,LSTM_static,doy_sin,True
0,step0_current_baseline,LSTM_static,doy_cos,True
0,step0_current_baseline,LSTM_static,cos_solar_zenith,True
0,step0_current_baseline,LSTM_static,solar_azimuth,True
0,step0_current_baseline,LSTM_static,sequence_missing_fraction,True
1,step1_drop_ridge_pair_features,CatBoost,VI004,True
1,step1_drop_ridge_pair_features,CatBoost,VI005,True
1,step1_drop_ridge_pair_features,CatBoost,VI006,True
1,step1_drop_ridge_pair_features,CatBoost,VI008,True
1,step1_drop_ridge_pair_features,CatBoost,NR013,True
1,step1_drop_ridge_pair_features,CatBoost,NR016,True
1,step1_drop_ridge_pair_features,CatBoost,SW038,True
1,step1_drop_ridge_pair_features,CatBoost,WV063,True
1,step1_drop_ridge_pair_features,CatBoost,WV069,True
1,step1_drop_ridge_pair_features,CatBoost,WV073,True
1,step1_drop_ridge_pair_features,CatBoost,IR087,True
1,step1_drop_ridge_pair_features,CatBoost,IR096,True
1,step1_drop_ridge_pair_features,CatBoost,IR105,True
1,step1_drop_ridge_pair_features,CatBoost,IR112,True
1,step1_drop_ridge_pair_features,CatBoost,IR123,True
1,step1_drop_ridge_pair_features,CatBoost,IR133,True
1,step1_drop_ridge_pair_features,CatBoost,clean_window_105_112,True
1,step1_drop_ridge_pair_features,CatBoost,split_window_112_123,True
1,step1_drop_ridge_pair_features,CatBoost,window_105_123,True
1,step1_drop_ridge_pair_features,CatBoost,ozone_window_096_112,True
1,step1_drop_ridge_pair_features,CatBoost,cloud_phase_087_112,True
1,step1_drop_ridge_pair_features,CatBoost,low_wv_window_073_112,True
1,step1_drop_ridge_pair_features,CatBoost,mid_wv_window_069_112,True
1,step1_drop_ridge_pair_features,CatBoost,upper_wv_window_063_112,True
1,step1_drop_ridge_pair_features,CatBoost,fog_window_038_112,True
1,step1_drop_ridge_pair_features,CatBoost,co2_window_133_112,True
1,step1_drop_ridge_pair_features,CatBoost,wv_vertical_063_073,True
1,step1_drop_ridge_pair_features,CatBoost,LAT,True
1,step1_drop_ridge_pair_features,CatBoost,LON,True
1,step1_drop_ridge_pair_features,CatBoost,ALT,True
1,step1_drop_ridge_pair_features,CatBoost,doy_sin,True
1,step1_drop_ridge_pair_features,CatBoost,doy_cos,True
1,step1_drop_ridge_pair_features,CatBoost,cos_solar_zenith,True
1,step1_drop_ridge_pair_features,CatBoost,month,True
1,step1_drop_ridge_pair_features,CatBoost,day,True
1,step1_drop_ridge_pair_features,CatBoost,dayofyear,True
1,step1_drop_ridge_pair_features,CatBoost,solar_azimuth,True
1,step1_drop_ridge_pair_features,CatBoost,solar_declination,True
1,step1_drop_ridge_pair_features,CatBoost,local_solar_time,True
1,step1_drop_ridge_pair_features,CatBoost,equation_of_time,True
1,step1_drop_ridge_pair_features,LSTM_static,LAT,True
1,step1_drop_ridge_pair_features,LSTM_static,LON,True
1,step1_drop_ridge_pair_features,LSTM_static,ALT,True
1,step1_drop_ridge_pair_features,LSTM_static,doy_sin,True
1,step1_drop_ridge_pair_features,LSTM_static,doy_cos,True
1,step1_drop_ridge_pair_features,LSTM_static,cos_solar_zenith,True
1,step1_drop_ridge_pair_features,LSTM_static,solar_azimuth,True
1,step1_drop_ridge_pair_features,LSTM_static,sequence_missing_fraction,True
2,step2_drop_redundant_calendar_solar,CatBoost,VI004,True
2,step2_drop_redundant_calendar_solar,CatBoost,VI005,True
2,step2_drop_redundant_calendar_solar,CatBoost,VI006,True
2,step2_drop_redundant_calendar_solar,CatBoost,VI008,True
2,step2_drop_redundant_calendar_solar,CatBoost,NR013,True
2,step2_drop_redundant_calendar_solar,CatBoost,NR016,True
2,step2_drop_redundant_calendar_solar,CatBoost,SW038,True
2,step2_drop_redundant_calendar_solar,CatBoost,WV063,True
2,step2_drop_redundant_calendar_solar,CatBoost,WV069,True
2,step2_drop_redundant_calendar_solar,CatBoost,WV073,True
2,step2_drop_redundant_calendar_solar,CatBoost,IR087,True
2,step2_drop_redundant_calendar_solar,CatBoost,IR096,True
2,step2_drop_redundant_calendar_solar,CatBoost,IR105,True
2,step2_drop_redundant_calendar_solar,CatBoost,IR112,True
2,step2_drop_redundant_calendar_solar,CatBoost,IR123,True
2,step2_drop_redundant_calendar_solar,CatBoost,IR133,True
2,step2_drop_redundant_calendar_solar,CatBoost,clean_window_105_112,True
2,step2_drop_redundant_calendar_solar,CatBoost,split_window_112_123,True
2,step2_drop_redundant_calendar_solar,CatBoost,window_105_123,True
2,step2_drop_redundant_calendar_solar,CatBoost,ozone_window_096_112,True
2,step2_drop_redundant_calendar_solar,CatBoost,cloud_phase_087_112,True
2,step2_drop_redundant_calendar_solar,CatBoost,low_wv_window_073_112,True
2,step2_drop_redundant_calendar_solar,CatBoost,mid_wv_window_069_112,True
2,step2_drop_redundant_calendar_solar,CatBoost,upper_wv_window_063_112,True
2,step2_drop_redundant_calendar_solar,CatBoost,fog_window_038_112,True
2,step2_drop_redundant_calendar_solar,CatBoost,co2_window_133_112,True
2,step2_drop_redundant_calendar_solar,CatBoost,wv_vertical_063_073,True
2,step2_drop_redundant_calendar_solar,CatBoost,LAT,True
2,step2_drop_redundant_calendar_solar,CatBoost,LON,True
2,step2_drop_redundant_calendar_solar,CatBoost,ALT,True
2,step2_drop_redundant_calendar_solar,CatBoost,doy_sin,True
2,step2_drop_redundant_calendar_solar,CatBoost,doy_cos,True
2,step2_drop_redundant_calendar_solar,CatBoost,cos_solar_zenith,True
2,step2_drop_redundant_calendar_solar,CatBoost,month,False
2,step2_drop_redundant_calendar_solar,CatBoost,day,True
2,step2_drop_redundant_calendar_solar,CatBoost,dayofyear,False
2,step2_drop_redundant_calendar_solar,CatBoost,solar_azimuth,False
2,step2_drop_redundant_calendar_solar,CatBoost,solar_declination,False
2,step2_drop_redundant_calendar_solar,CatBoost,local_solar_time,False
2,step2_drop_redundant_calendar_solar,CatBoost,equation_of_time,False
2,step2_drop_redundant_calendar_solar,LSTM_static,LAT,True
2,step2_drop_redundant_calendar_solar,LSTM_static,LON,True
2,step2_drop_redundant_calendar_solar,LSTM_static,ALT,True
2,step2_drop_redundant_calendar_solar,LSTM_static,doy_sin,True
2,step2_drop_redundant_calendar_solar,LSTM_static,doy_cos,True
2,step2_drop_redundant_calendar_solar,LSTM_static,cos_solar_zenith,True
2,step2_drop_redundant_calendar_solar,LSTM_static,solar_azimuth,True
2,step2_drop_redundant_calendar_solar,LSTM_static,sequence_missing_fraction,True
3,step3_drop_lstm_missing_fraction,CatBoost,VI004,True
3,step3_drop_lstm_missing_fraction,CatBoost,VI005,True
3,step3_drop_lstm_missing_fraction,CatBoost,VI006,True
3,step3_drop_lstm_missing_fraction,CatBoost,VI008,True
3,step3_drop_lstm_missing_fraction,CatBoost,NR013,True
3,step3_drop_lstm_missing_fraction,CatBoost,NR016,True
3,step3_drop_lstm_missing_fraction,CatBoost,SW038,True
3,step3_drop_lstm_missing_fraction,CatBoost,WV063,True
3,step3_drop_lstm_missing_fraction,CatBoost,WV069,True
3,step3_drop_lstm_missing_fraction,CatBoost,WV073,True
3,step3_drop_lstm_missing_fraction,CatBoost,IR087,True
3,step3_drop_lstm_missing_fraction,CatBoost,IR096,True
3,step3_drop_lstm_missing_fraction,CatBoost,IR105,True
3,step3_drop_lstm_missing_fraction,CatBoost,IR112,True
3,step3_drop_lstm_missing_fraction,CatBoost,IR123,True
3,step3_drop_lstm_missing_fraction,CatBoost,IR133,True
3,step3_drop_lstm_missing_fraction,CatBoost,clean_window_105_112,True
3,step3_drop_lstm_missing_fraction,CatBoost,split_window_112_123,True
3,step3_drop_lstm_missing_fraction,CatBoost,window_105_123,True
3,step3_drop_lstm_missing_fraction,CatBoost,ozone_window_096_112,True
3,step3_drop_lstm_missing_fraction,CatBoost,cloud_phase_087_112,True
3,step3_drop_lstm_missing_fraction,CatBoost,low_wv_window_073_112,True
3,step3_drop_lstm_missing_fraction,CatBoost,mid_wv_window_069_112,True
3,step3_drop_lstm_missing_fraction,CatBoost,upper_wv_window_063_112,True
3,step3_drop_lstm_missing_fraction,CatBoost,fog_window_038_112,True
3,step3_drop_lstm_missing_fraction,CatBoost,co2_window_133_112,True
3,step3_drop_lstm_missing_fraction,CatBoost,wv_vertical_063_073,True
3,step3_drop_lstm_missing_fraction,CatBoost,LAT,True
3,step3_drop_lstm_missing_fraction,CatBoost,LON,True
3,step3_drop_lstm_missing_fraction,CatBoost,ALT,True
3,step3_drop_lstm_missing_fraction,CatBoost,doy_sin,True
3,step3_drop_lstm_missing_fraction,CatBoost,doy_cos,True
3,step3_drop_lstm_missing_fraction,CatBoost,cos_solar_zenith,True
3,step3_drop_lstm_missing_fraction,CatBoost,month,False
3,step3_drop_lstm_missing_fraction,CatBoost,day,True
3,step3_drop_lstm_missing_fraction,CatBoost,dayofyear,False
3,step3_drop_lstm_missing_fraction,CatBoost,solar_azimuth,False
3,step3_drop_lstm_missing_fraction,CatBoost,solar_declination,False
3,step3_drop_lstm_missing_fraction,CatBoost,local_solar_time,False
3,step3_drop_lstm_missing_fraction,CatBoost,equation_of_time,False
3,step3_drop_lstm_missing_fraction,LSTM_static,LAT,True
3,step3_drop_lstm_missing_fraction,LSTM_static,LON,True
3,step3_drop_lstm_missing_fraction,LSTM_static,ALT,True
3,step3_drop_lstm_missing_fraction,LSTM_static,doy_sin,True
3,step3_drop_lstm_missing_fraction,LSTM_static,doy_cos,True
3,step3_drop_lstm_missing_fraction,LSTM_static,cos_solar_zenith,True
3,step3_drop_lstm_missing_fraction,LSTM_static,solar_azimuth,True
3,step3_drop_lstm_missing_fraction,LSTM_static,sequence_missing_fraction,False
4,step4_drop_lstm_seasonal_azimuth,CatBoost,VI004,True
4,step4_drop_lstm_seasonal_azimuth,CatBoost,VI005,True
4,step4_drop_lstm_seasonal_azimuth,CatBoost,VI006,True
4,step4_drop_lstm_seasonal_azimuth,CatBoost,VI008,True
4,step4_drop_lstm_seasonal_azimuth,CatBoost,NR013,True
4,step4_drop_lstm_seasonal_azimuth,CatBoost,NR016,True
4,step4_drop_lstm_seasonal_azimuth,CatBoost,SW038,True
4,step4_drop_lstm_seasonal_azimuth,CatBoost,WV063,True
4,step4_drop_lstm_seasonal_azimuth,CatBoost,WV069,True
4,step4_drop_lstm_seasonal_azimuth,CatBoost,WV073,True
4,step4_drop_lstm_seasonal_azimuth,CatBoost,IR087,True
4,step4_drop_lstm_seasonal_azimuth,CatBoost,IR096,True
4,step4_drop_lstm_seasonal_azimuth,CatBoost,IR105,True
4,step4_drop_lstm_seasonal_azimuth,CatBoost,IR112,True
4,step4_drop_lstm_seasonal_azimuth,CatBoost,IR123,True
4,step4_drop_lstm_seasonal_azimuth,CatBoost,IR133,True
4,step4_drop_lstm_seasonal_azimuth,CatBoost,clean_window_105_112,True
4,step4_drop_lstm_seasonal_azimuth,CatBoost,split_window_112_123,True
4,step4_drop_lstm_seasonal_azimuth,CatBoost,window_105_123,True
4,step4_drop_lstm_seasonal_azimuth,CatBoost,ozone_window_096_112,True
4,step4_drop_lstm_seasonal_azimuth,CatBoost,cloud_phase_087_112,True
4,step4_drop_lstm_seasonal_azimuth,CatBoost,low_wv_window_073_112,True
4,step4_drop_lstm_seasonal_azimuth,CatBoost,mid_wv_window_069_112,True
4,step4_drop_lstm_seasonal_azimuth,CatBoost,upper_wv_window_063_112,True
4,step4_drop_lstm_seasonal_azimuth,CatBoost,fog_window_038_112,True
4,step4_drop_lstm_seasonal_azimuth,CatBoost,co2_window_133_112,True
4,step4_drop_lstm_seasonal_azimuth,CatBoost,wv_vertical_063_073,True
4,step4_drop_lstm_seasonal_azimuth,CatBoost,LAT,True
4,step4_drop_lstm_seasonal_azimuth,CatBoost,LON,True
4,step4_drop_lstm_seasonal_azimuth,CatBoost,ALT,True
4,step4_drop_lstm_seasonal_azimuth,CatBoost,doy_sin,True
4,step4_drop_lstm_seasonal_azimuth,CatBoost,doy_cos,True
4,step4_drop_lstm_seasonal_azimuth,CatBoost,cos_solar_zenith,True
4,step4_drop_lstm_seasonal_azimuth,CatBoost,month,False
4,step4_drop_lstm_seasonal_azimuth,CatBoost,day,True
4,step4_drop_lstm_seasonal_azimuth,CatBoost,dayofyear,False
4,step4_drop_lstm_seasonal_azimuth,CatBoost,solar_azimuth,False
4,step4_drop_lstm_seasonal_azimuth,CatBoost,solar_declination,False
4,step4_drop_lstm_seasonal_azimuth,CatBoost,local_solar_time,False
4,step4_drop_lstm_seasonal_azimuth,CatBoost,equation_of_time,False
4,step4_drop_lstm_seasonal_azimuth,LSTM_static,LAT,True
4,step4_drop_lstm_seasonal_azimuth,LSTM_static,LON,True
4,step4_drop_lstm_seasonal_azimuth,LSTM_static,ALT,True
4,step4_drop_lstm_seasonal_azimuth,LSTM_static,doy_sin,False
4,step4_drop_lstm_seasonal_azimuth,LSTM_static,doy_cos,False
4,step4_drop_lstm_seasonal_azimuth,LSTM_static,cos_solar_zenith,True
4,step4_drop_lstm_seasonal_azimuth,LSTM_static,solar_azimuth,False
4,step4_drop_lstm_seasonal_azimuth,LSTM_static,sequence_missing_fraction,False
5,step5_reduce_catboost_pair_features,CatBoost,VI004,True
5,step5_reduce_catboost_pair_features,CatBoost,VI005,True
5,step5_reduce_catboost_pair_features,CatBoost,VI006,True
5,step5_reduce_catboost_pair_features,CatBoost,VI008,True
5,step5_reduce_catboost_pair_features,CatBoost,NR013,True
5,step5_reduce_catboost_pair_features,CatBoost,NR016,True
5,step5_reduce_catboost_pair_features,CatBoost,SW038,True
5,step5_reduce_catboost_pair_features,CatBoost,WV063,True
5,step5_reduce_catboost_pair_features,CatBoost,WV069,True
5,step5_reduce_catboost_pair_features,CatBoost,WV073,True
5,step5_reduce_catboost_pair_features,CatBoost,IR087,True
5,step5_reduce_catboost_pair_features,CatBoost,IR096,True
5,step5_reduce_catboost_pair_features,CatBoost,IR105,True
5,step5_reduce_catboost_pair_features,CatBoost,IR112,True
5,step5_reduce_catboost_pair_features,CatBoost,IR123,True
5,step5_reduce_catboost_pair_features,CatBoost,IR133,True
5,step5_reduce_catboost_pair_features,CatBoost,clean_window_105_112,False
5,step5_reduce_catboost_pair_features,CatBoost,split_window_112_123,True
5,step5_reduce_catboost_pair_features,CatBoost,window_105_123,False
5,step5_reduce_catboost_pair_features,CatBoost,ozone_window_096_112,True
5,step5_reduce_catboost_pair_features,CatBoost,cloud_phase_087_112,True
5,step5_reduce_catboost_pair_features,CatBoost,low_wv_window_073_112,False
5,step5_reduce_catboost_pair_features,CatBoost,mid_wv_window_069_112,False
5,step5_reduce_catboost_pair_features,CatBoost,upper_wv_window_063_112,False
5,step5_reduce_catboost_pair_features,CatBoost,fog_window_038_112,True
5,step5_reduce_catboost_pair_features,CatBoost,co2_window_133_112,False
5,step5_reduce_catboost_pair_features,CatBoost,wv_vertical_063_073,True
5,step5_reduce_catboost_pair_features,CatBoost,LAT,True
5,step5_reduce_catboost_pair_features,CatBoost,LON,True
5,step5_reduce_catboost_pair_features,CatBoost,ALT,True
5,step5_reduce_catboost_pair_features,CatBoost,doy_sin,True
5,step5_reduce_catboost_pair_features,CatBoost,doy_cos,True
5,step5_reduce_catboost_pair_features,CatBoost,cos_solar_zenith,True
5,step5_reduce_catboost_pair_features,CatBoost,month,False
5,step5_reduce_catboost_pair_features,CatBoost,day,True
5,step5_reduce_catboost_pair_features,CatBoost,dayofyear,False
5,step5_reduce_catboost_pair_features,CatBoost,solar_azimuth,False
5,step5_reduce_catboost_pair_features,CatBoost,solar_declination,False
5,step5_reduce_catboost_pair_features,CatBoost,local_solar_time,False
5,step5_reduce_catboost_pair_features,CatBoost,equation_of_time,False
5,step5_reduce_catboost_pair_features,LSTM_static,LAT,True
5,step5_reduce_catboost_pair_features,LSTM_static,LON,True
5,step5_reduce_catboost_pair_features,LSTM_static,ALT,True
5,step5_reduce_catboost_pair_features,LSTM_static,doy_sin,False
5,step5_reduce_catboost_pair_features,LSTM_static,doy_cos,False
5,step5_reduce_catboost_pair_features,LSTM_static,cos_solar_zenith,True
5,step5_reduce_catboost_pair_features,LSTM_static,solar_azimuth,False
5,step5_reduce_catboost_pair_features,LSTM_static,sequence_missing_fraction,False
